{"cameraMode":{"drawMode":0,"name":"Shaded","section":"Shading Mode"},"sceneLighting":false,"audioPlay":false,"sceneViewState":{"m_AlwaysRefresh":false,"showFog":true,"showSkybox":false,"showFlares":true,"showImageEffects":true,"showParticleSystems":true,"showVisualEffectGraphs":true,"m_FxEnabled":true},"in2DMode":false,"pivot":{"x":0.6171155571937561,"y":-10.755966186523438,"z":-31.946643829345704},"rotation":{"x":-0.4777807891368866,"y":-0.024523885920643808,"z":0.013254029676318169,"w":-0.8780937194824219},"size":14.146685600280762,"orthographic":false}