{"cameraMode":{"drawMode":0,"name":"Shaded","section":"Shading Mode"},"sceneLighting":false,"audioPlay":false,"sceneViewState":{"m_AlwaysRefresh":false,"showFog":true,"showSkybox":false,"showFlares":true,"showImageEffects":true,"showParticleSystems":true,"showVisualEffectGraphs":true,"m_FxEnabled":true},"in2DMode":false,"pivot":{"x":-0.5355724692344666,"y":-12.069925308227539,"z":-31.58393096923828},"rotation":{"x":-0.36238616704940798,"y":-0.0022260230034589769,"z":0.0008299671462737024,"w":-0.9320772290229797},"size":14.146685600280762,"orthographic":false}